Category,Line Item,0-2m_Current,0-2m_Future,2-3m_Current,2-3m_Future,3-5m_Current,3-5m_Future
Apparel and Services,Men's,9227748.0,10434001.0,10859665.0,12639777.0,38956403.0,44309429.0
Apparel and Services,Women's,15620036.0,17663057.0,19002977.0,22098818.0,68040660.0,77391529.0
Apparel and Services,Children's,6836102.0,7730068.0,7571395.0,8811384.0,26599408.0,30241013.0
Apparel and Services,Footwear,10791770.0,12204167.0,12261767.0,14292310.0,43481923.0,49465745.0
Apparel and Services,Watches & Jewelry,3632395.0,4106686.0,4521755.0,5254969.0,16563669.0,18857199.0
Apparel and Services,Apparel Products and Services (1),860800.0,973006.0,1020230.0,1186723.0,3738417.0,4253312.0
Computer,Computers and Hardware for Home Use,4381080.0,4954698.0,5197343.0,6052767.0,18525189.0,21075426.0
Computer,Portable Memory,74237.0,84023.0,90168.0,105216.0,313953.0,357350.0
Computer,Computer Software,342604.0,387772.0,409561.0,478629.0,1412563.0,1608321.0
Computer,Computer Accessories,371775.0,420402.0,441495.0,514597.0,1588104.0,1808170.0
Education,Educational Books/Supplies/Other Expenditures,1868193.0,2113744.0,2198872.0,2565193.0,7758436.0,8821751.0
Education,Other School Supplies,1619410.0,1831078.0,1934637.0,2249942.0,6969609.0,7925570.0
Entertainment & Recreation,Membership Fees for Clubs (2),5426940.0,6132727.0,6697423.0,7768382.0,25180646.0,28646525.0
Entertainment & Recreation,"Fees for Participant Sports, excl. Trips",2865919.0,3238449.0,3471779.0,4022092.0,12973452.0,14751593.0
Entertainment & Recreation,Tickets to Theatre/Operas/Concerts,1993271.0,2252489.0,2405007.0,2795683.0,9033021.0,10284099.0
Entertainment & Recreation,Tickets to Movies,741359.0,838526.0,851784.0,994018.0,3034334.0,3453364.0
Entertainment & Recreation,Tickets to Parks or Museums,742915.0,839396.0,854895.0,992965.0,3184981.0,3625803.0
Entertainment & Recreation,"Admission to Sporting Events, excl. Trips",1616278.0,1827030.0,1955861.0,2268234.0,7189623.0,8168639.0
Entertainment & Recreation,Fees for Recreational Lessons,2812253.0,3175742.0,3318640.0,3842401.0,12866504.0,14647111.0
Entertainment & Recreation,Dating Services,27060.0,30610.0,33094.0,38785.0,113777.0,129846.0
Entertainment & Recreation,Cable and Satellite Television Services,11203158.0,12658651.0,13597459.0,15773029.0,49971954.0,56800909.0
Entertainment & Recreation,Televisions,2346216.0,2653537.0,2728944.0,3177859.0,9639970.0,10961342.0
Entertainment & Recreation,Satellite Dishes,22388.0,25308.0,26669.0,31139.0,96241.0,109590.0
Entertainment & Recreation,"VCRs, Video Cameras, and DVD Players",75987.0,85934.0,90015.0,104706.0,319785.0,363413.0
Entertainment & Recreation,Miscellaneous Video Equipment,920109.0,1041188.0,864951.0,1015939.0,2821331.0,3199887.0
Entertainment & Recreation,Video Cassettes and DVDs,82128.0,92835.0,101059.0,117983.0,369096.0,420894.0
Entertainment & Recreation,Video Game Hardware/Accessories,1010688.0,1144341.0,1166447.0,1365049.0,3971064.0,4516613.0
Entertainment & Recreation,Video Game Software,503729.0,570457.0,601031.0,705355.0,2052063.0,2337431.0
Entertainment & Recreation,Rental/Streaming/Downloaded Video,3864302.0,4372376.0,4496575.0,5247033.0,15740940.0,17902077.0
Entertainment & Recreation,Installation of Televisions,24204.0,27323.0,30669.0,35412.0,119002.0,135496.0
Entertainment & Recreation,Audio (3),2537110.0,2868162.0,3010055.0,3501857.0,11002007.0,12515818.0
Entertainment & Recreation,Rental of TV/VCR/Radio/Sound Equipment,4688.0,5323.0,7052.0,8222.0,23177.0,26300.0
Entertainment & Recreation,Repair of TV/Radio/Sound Equipment,39461.0,44667.0,46107.0,53856.0,156249.0,177561.0
Entertainment & Recreation,Pets,17972027.0,20313213.0,21791116.0,25318396.0,80306420.0,91334598.0
Entertainment & Recreation,Toys/Games/Crafts/Hobbies (4),3259383.0,3685770.0,3905898.0,4545679.0,14081561.0,16017325.0
Entertainment & Recreation,Recreational Vehicles and Fees (5),3036809.0,3429604.0,3689025.0,4263865.0,14109151.0,16036034.0
Entertainment & Recreation,Sports/Recreation/Exercise Equipment (6),4444127.0,5024508.0,5327722.0,6198102.0,19530934.0,22217829.0
Entertainment & Recreation,Photo Equipment and Supplies (7),1201593.0,1358165.0,1497400.0,1740825.0,5562884.0,6334637.0
Entertainment & Recreation,Reading (8),2172100.0,2454553.0,2664016.0,3098172.0,10007336.0,11396410.0
Entertainment & Recreation,Live Entertainment-for Catered Affairs,340392.0,384310.0,409844.0,475979.0,1609302.0,1834789.0
Entertainment & Recreation,Rental of Party Supplies for Catered Affairs,480328.0,542766.0,553096.0,644000.0,2076534.0,2366545.0
Food,Food at Home,139369490.0,157583091.0,163892911.0,190703098.0,586849015.0,667403080.0
Food,Food Away from Home,78189105.0,88408554.0,91338829.0,106323914.0,328623590.0,373841225.0
Alcoholic Beverages,Alcoholic Beverages,12042192.0,13611226.0,14642861.0,17013868.0,54066844.0,61527422.0
Financial,Value of Stocks/Bonds/Mutual Funds,691784063.0,780840385.0,905344112.0,1046016157.0,3617795657.0,4116305196.0
Financial,Value of Retirement Plans,2244939101.0,2533913412.0,2880802292.0,3324334419.0,11371307663.0,12925493764.0
Financial,Value of Other Financial Assets,209108605.0,236121674.0,262885247.0,303502068.0,999384729.0,1135284656.0
Financial,Vehicle Loan Amount excluding Interest,69492500.0,78603538.0,79645060.0,92716389.0,279390281.0,317447965.0
Financial,Value of Credit Card Debt,55634871.0,62891081.0,65870606.0,76552562.0,238201909.0,270881991.0
Health,Nonprescription Drugs,3580105.0,4047777.0,4289430.0,4986814.0,15476019.0,17592122.0
Health,Prescription Drugs,6830756.0,7720203.0,8668938.0,10049537.0,31852880.0,36167521.0
Health,Eyeglasses and Contact Lenses,2216958.0,2505158.0,2681108.0,3112325.0,9997196.0,11368993.0
Health,Personal Care Products (10),11724578.0,13263217.0,13679762.0,15947467.0,48093942.0,54688588.0
Health,Smoking Products,8941794.0,10121497.0,10775975.0,12575507.0,36637313.0,41623716.0
Home,Mortgage Payment and Basics (11),204696467.0,230995009.0,247804008.0,285937377.0,968202711.0,1100750472.0
Home,Maintenance and Remodeling Services,68465449.0,77261203.0,84211461.0,97151118.0,331092097.0,376335536.0
Home,Maintenance and Remodeling Materials (12),11633973.0,13129150.0,13800671.0,15918288.0,53901698.0,61214429.0
Home,"Utilities, Fuel, and Public Services",110026824.0,124399068.0,128722381.0,149683736.0,459755018.0,522511840.0
Household Furnishings and Equipment,Household Textiles (13),2275763.0,2573337.0,2641888.0,3075789.0,9429651.0,10723745.0
Household Furnishings and Equipment,Furniture,16344346.0,18479749.0,19460473.0,22618681.0,70126996.0,79727487.0
Household Furnishings and Equipment,Rugs,671018.0,758228.0,827269.0,959686.0,3087263.0,3512855.0
Household Furnishings and Equipment,Major Appliances (14),8763735.0,9900982.0,10283282.0,11922870.0,38026030.0,43219241.0
Household Furnishings and Equipment,Housewares (15),1784655.0,2017727.0,2126073.0,2475595.0,7687728.0,8747196.0
Household Furnishings and Equipment,Small Appliances,24155446.0,27305236.0,28950191.0,33646838.0,106032198.0,120614533.0
Household Furnishings and Equipment,Luggage,447753.0,506166.0,542224.0,630208.0,1984937.0,2258608.0
Household Furnishings and Equipment,Telephones and Accessories,1370089.0,1548107.0,1741688.0,2018899.0,6530005.0,7427067.0
Household Operations,Child Care,10745464.0,12144737.0,12674293.0,14702585.0,46989276.0,53475690.0
Household Operations,Lawn/Garden (16),10429440.0,11777408.0,12942862.0,14961087.0,49474234.0,56214834.0
Household Operations,Moving/Storage/Freight Express,2613160.0,2956406.0,3031026.0,3542154.0,10674656.0,12159206.0
Housekeeping Supplies (17),Housekeeping Supplies (17),16023778.0,18118154.0,18896574.0,21983362.0,67708258.0,76978477.0
Insurance,Owners and Renters Insurance,13661354.0,15428754.0,16415181.0,18982977.0,61551948.0,69902618.0
Insurance,Vehicle Insurance,43364260.0,49049552.0,49636451.0,57826294.0,173294488.0,196947656.0
Insurance,Life/Other Insurance,11339368.0,12810430.0,13767053.0,15944952.0,51816242.0,58897171.0
Insurance,Health Insurance,85869725.0,97049683.0,103220082.0,119812626.0,377579722.0,429142483.0
Transportation,Payments on Vehicles excluding Leases,57587554.0,65127174.0,66427858.0,77285699.0,234678827.0,266656494.0
Transportation,"Gasoline, Diesel Fuel, & Electric Vehicle Charging",67617268.0,76468176.0,77272934.0,89959659.0,271519112.0,308579635.0
Transportation,Vehicle Maintenance and Repairs,25293853.0,28603590.0,29541568.0,34393946.0,105394293.0,119831926.0
Travel,Airline Fares,14633575.0,16532045.0,17590975.0,20417638.0,66511784.0,75721970.0
Travel,Lodging on Trips,17939591.0,20263947.0,22095712.0,25590901.0,84296764.0,95888460.0
Travel,Auto/Truck Rental on Trips,2184306.0,2469227.0,2622108.0,3047961.0,9636390.0,10964442.0
Travel,Food and Drink on Trips,14482375.0,16365109.0,17521837.0,20329595.0,65316965.0,74304375.0
